model,mae,rmse
RandomForest,7.0438112661597465,9.390955415856995
